,str,end,name,weight,betweenness
0,0,1,edge 0,0.0,12.5
1,0,9,edge 9,0.9,12.5
2,1,2,edge 1,0.1,12.5
3,2,3,edge 2,0.2,12.5
4,3,4,edge 3,0.30000000000000004,12.5
5,4,5,edge 4,0.4,12.5
6,5,6,edge 5,0.5,12.5
7,6,7,edge 6,0.6000000000000001,12.5
8,7,8,edge 7,0.7000000000000001,12.5
9,8,9,edge 8,0.8,12.5
